{"RuleTriggered": 14, "Violations": 14, "Details": {"algo-1": {"cpu": {"p25": 49.0, "p50": 51.510000000000005, "p75": 55.2575, "p95": 77.771, "upper": 64.64375, "lower": 39.613749999999996}, "gpu0": {"p25": 0.0, "p50": 0.0, "p75": 0.0, "p95": 0.0, "upper": 0.0, "lower": 0.0}, "gpu0_memory": {"p25": 0.0, "p50": 0.0, "p75": 0.0, "p95": 0.0, "upper": 0.0, "lower": 0.0}}, "last_timestamp": 1638566400000000}, "Datapoints": 2775, "RuleParameters": "cpu_threshold_p95:70\ngpu_threshold_p95:70\ngpu_memory_threshold_p95:70\npatience:1000\nwindow:500"}