{"RuleTriggered": 10, "Violations": 10, "Details": {"algo-1": {"cpu": {"p25": 48.59875, "p50": 51.536249999999995, "p75": 56.269375, "p95": 76.88562499999998, "upper": 67.77531249999998, "lower": 37.09281250000001}, "gpu0": {"p25": 0.0, "p50": 0.0, "p75": 0.0, "p95": 0.0, "upper": 0.0, "lower": 0.0}, "gpu0_memory": {"p25": 0.0, "p50": 0.0, "p75": 0.0, "p95": 0.0, "upper": 0.0, "lower": 0.0}}, "last_timestamp": 1638714060000000}, "Datapoints": 2182, "RuleParameters": "cpu_threshold_p95:70\ngpu_threshold_p95:70\ngpu_memory_threshold_p95:70\npatience:1000\nwindow:500"}