{"RuleTriggered": 0, "Violations": 0, "Details": {"pin_memory": false, "num_workers": 0, "cores": 4, "dataloaders": 1, "dataloading_time": {"p25": 0.602547, "p50": 0.602547, "p95": 0.602547, "probs": [0, 0, 0, 0, 0, 0, 0, 0, 0, 0, 0, 0, 0, 0, 0, 0, 0, 0, 0, 0, 0, 0, 0, 0, 0, 0, 0, 0, 0, 0, 0, 0, 0, 0, 0, 0, 0, 0, 0, 0, 0, 0, 0, 0, 0, 0, 0, 0, 0, 0, 1, 0, 0, 0, 0, 0, 0, 0, 0, 0, 0, 0, 0, 0, 0, 0, 0, 0, 0, 0, 0, 0, 0, 0, 0, 0, 0, 0, 0, 0, 0, 0, 0, 0, 0, 0, 0, 0, 0, 0, 0, 0, 0, 0, 0, 0, 0, 0, 0, 0], "binedges": [0.10254700000000005, 0.11254700000000005, 0.12254700000000004, 0.13254700000000005, 0.14254700000000003, 0.15254700000000004, 0.16254700000000005, 0.17254700000000006, 0.18254700000000004, 0.19254700000000002, 0.20254700000000003, 0.21254700000000004, 0.22254700000000005, 0.23254700000000003, 0.24254700000000004, 0.252547, 0.26254700000000003, 0.27254700000000004, 0.282547, 0.292547, 0.302547, 0.312547, 0.32254700000000003, 0.33254700000000004, 0.34254700000000005, 0.35254700000000005, 0.362547, 0.372547, 0.382547, 0.39254700000000003, 0.402547, 0.412547, 0.422547, 0.432547, 0.442547, 0.452547, 0.462547, 0.472547, 0.482547, 0.492547, 0.502547, 0.512547, 0.522547, 0.532547, 0.542547, 0.552547, 0.5625469999999999, 0.5725469999999999, 0.5825469999999999, 0.5925469999999999, 0.6025469999999999, 0.612547, 0.622547, 0.632547, 0.642547, 0.652547, 0.662547, 0.672547, 0.682547, 0.6925469999999999, 0.7025469999999999, 0.7125469999999999, 0.7225469999999999, 0.732547, 0.742547, 0.752547, 0.762547, 0.772547, 0.782547, 0.792547, 0.8025469999999999, 0.8125469999999999, 0.8225469999999999, 0.8325469999999999, 0.8425469999999999, 0.8525469999999999, 0.862547, 0.872547, 0.882547, 0.892547, 0.9025469999999999, 0.9125469999999999, 0.9225469999999999, 0.9325469999999999, 0.9425469999999999, 0.9525469999999999, 0.9625469999999999, 0.9725469999999999, 0.982547, 0.992547, 1.0025469999999999, 1.0125469999999999, 1.0225469999999999, 1.0325469999999999, 1.042547, 1.052547, 1.062547, 1.072547, 1.082547, 1.092547, 1.102547]}}, "Datapoints": 1, "RuleParameters": "min_threshold:70\nmax_threshold:200"}