{"RuleTriggered": 0, "Violations": 0, "Details": {"pin_memory": false, "num_workers": 0, "cores": 4, "dataloaders": 1, "dataloading_time": {"p25": 0.442256, "p50": 0.442256, "p95": 0.442256, "probs": [0, 0, 0, 0, 0, 0, 0, 0, 0, 0, 0, 0, 0, 0, 0, 0, 0, 0, 0, 0, 0, 0, 0, 0, 0, 0, 0, 0, 0, 0, 0, 0, 0, 0, 0, 0, 0, 0, 0, 0, 0, 0, 0, 0, 0, 0, 0, 0, 0, 0, 1, 0, 0, 0, 0, 0, 0, 0, 0, 0, 0, 0, 0, 0, 0, 0, 0, 0, 0, 0, 0, 0, 0, 0, 0, 0, 0, 0, 0, 0, 0, 0, 0, 0, 0, 0, 0, 0, 0, 0, 0, 0, 0, 0, 0, 0, 0, 0, 0, 0], "binedges": [-0.05774400000000002, -0.047744000000000016, -0.037744000000000014, -0.02774400000000002, -0.017744000000000017, -0.007744000000000015, 0.0022559999999999802, 0.012255999999999989, 0.022255999999999984, 0.03225599999999998, 0.04225599999999999, 0.05225599999999998, 0.06225599999999998, 0.07225599999999999, 0.082256, 0.09225599999999998, 0.10225599999999999, 0.112256, 0.12225599999999998, 0.13225599999999998, 0.142256, 0.15225599999999997, 0.16225599999999998, 0.172256, 0.18225599999999997, 0.19225599999999998, 0.202256, 0.212256, 0.222256, 0.23225599999999996, 0.24225599999999997, 0.252256, 0.262256, 0.272256, 0.282256, 0.292256, 0.30225599999999997, 0.312256, 0.322256, 0.332256, 0.342256, 0.352256, 0.36225599999999997, 0.372256, 0.382256, 0.392256, 0.402256, 0.412256, 0.42225599999999996, 0.432256, 0.442256, 0.452256, 0.462256, 0.472256, 0.482256, 0.492256, 0.502256, 0.512256, 0.5222559999999999, 0.532256, 0.542256, 0.552256, 0.562256, 0.572256, 0.582256, 0.592256, 0.602256, 0.612256, 0.622256, 0.632256, 0.642256, 0.652256, 0.662256, 0.672256, 0.682256, 0.692256, 0.702256, 0.712256, 0.722256, 0.732256, 0.742256, 0.752256, 0.762256, 0.772256, 0.782256, 0.792256, 0.802256, 0.812256, 0.822256, 0.832256, 0.842256, 0.852256, 0.862256, 0.872256, 0.882256, 0.892256, 0.902256, 0.912256, 0.922256, 0.932256, 0.942256]}}, "Datapoints": 1, "RuleParameters": "min_threshold:70\nmax_threshold:200"}