{"RuleTriggered": 0, "Violations": 0, "Details": {"pin_memory": false, "num_workers": 0, "cores": 4, "dataloaders": 1, "dataloading_time": {"p25": 0.287835, "p50": 0.287835, "p95": 0.287835, "probs": [0, 0, 0, 0, 0, 0, 0, 0, 0, 0, 0, 0, 0, 0, 0, 0, 0, 0, 0, 0, 0, 0, 0, 0, 0, 0, 0, 0, 0, 0, 0, 0, 0, 0, 0, 0, 0, 0, 0, 0, 0, 0, 0, 0, 0, 0, 0, 0, 0, 0, 1, 0, 0, 0, 0, 0, 0, 0, 0, 0, 0, 0, 0, 0, 0, 0, 0, 0, 0, 0, 0, 0, 0, 0, 0, 0, 0, 0, 0, 0, 0, 0, 0, 0, 0, 0, 0, 0, 0, 0, 0, 0, 0, 0, 0, 0, 0, 0, 0, 0], "binedges": [-0.212165, -0.20216499999999998, -0.192165, -0.182165, -0.17216499999999998, -0.162165, -0.152165, -0.14216499999999999, -0.13216499999999998, -0.122165, -0.11216499999999999, -0.10216499999999999, -0.092165, -0.08216499999999999, -0.07216499999999998, -0.062165, -0.05216499999999999, -0.04216499999999998, -0.032165, -0.02216499999999999, -0.012164999999999981, -0.0021650000000000003, 0.007835000000000009, 0.017835000000000018, 0.027835, 0.03783500000000001, 0.047835000000000016, 0.057835000000000025, 0.06783500000000003, 0.07783499999999999, 0.087835, 0.097835, 0.10783500000000001, 0.11783500000000002, 0.12783500000000003, 0.13783500000000004, 0.147835, 0.157835, 0.167835, 0.17783500000000002, 0.18783500000000003, 0.19783500000000004, 0.207835, 0.217835, 0.227835, 0.23783500000000002, 0.24783500000000003, 0.25783500000000004, 0.267835, 0.277835, 0.287835, 0.297835, 0.307835, 0.31783500000000003, 0.32783500000000004, 0.33783500000000005, 0.34783500000000006, 0.35783500000000007, 0.36783499999999997, 0.377835, 0.387835, 0.397835, 0.407835, 0.417835, 0.427835, 0.43783500000000003, 0.44783500000000004, 0.45783500000000005, 0.46783500000000006, 0.47783500000000007, 0.4878350000000001, 0.49783499999999997, 0.507835, 0.517835, 0.527835, 0.5378350000000001, 0.5478350000000001, 0.5578350000000001, 0.5678350000000001, 0.5778350000000001, 0.5878350000000001, 0.5978350000000001, 0.6078350000000001, 0.6178350000000001, 0.6278349999999999, 0.6378349999999999, 0.6478349999999999, 0.657835, 0.667835, 0.677835, 0.687835, 0.697835, 0.707835, 0.717835, 0.727835, 0.737835, 0.747835, 0.757835, 0.767835, 0.777835, 0.7878350000000001]}}, "Datapoints": 1, "RuleParameters": "min_threshold:70\nmax_threshold:200"}