{"RuleTriggered": 0, "Violations": 117, "Details": {"low_gpu_utilization": 2183, "bottlenecks": {"1638714127.909364": {"GPUs": 1, "CPUs": 1}, "1638714144.909371": {"GPUs": 1, "CPUs": 1}, "1638714168.409379": {"GPUs": 1, "CPUs": 4}, "1638714168.909354": {"GPUs": 1, "CPUs": 2}, "1638714169.409355": {"GPUs": 1, "CPUs": 2}, "1638714169.909364": {"GPUs": 1, "CPUs": 2}, "1638714170.409367": {"GPUs": 1, "CPUs": 2}, "1638714175.909355": {"GPUs": 1, "CPUs": 3}, "1638714176.409359": {"GPUs": 1, "CPUs": 3}, "1638714176.909388": {"GPUs": 1, "CPUs": 3}, "1638714177.410002": {"GPUs": 1, "CPUs": 3}, "1638714177.909364": {"GPUs": 1, "CPUs": 3}, "1638714185.909351": {"GPUs": 1, "CPUs": 3}, "1638714186.409375": {"GPUs": 1, "CPUs": 1}, "1638714198.409386": {"GPUs": 1, "CPUs": 1}, "1638714203.909364": {"GPUs": 1, "CPUs": 1}, "1638714206.912996": {"GPUs": 1, "CPUs": 1}, "1638714208.409351": {"GPUs": 1, "CPUs": 1}, "1638714208.909368": {"GPUs": 1, "CPUs": 2}, "1638714209.909361": {"GPUs": 1, "CPUs": 2}, "1638714210.409359": {"GPUs": 1, "CPUs": 2}, "1638714210.909375": {"GPUs": 1, "CPUs": 2}, "1638714211.409348": {"GPUs": 1, "CPUs": 3}, "1638714211.909359": {"GPUs": 1, "CPUs": 3}, "1638714212.409354": {"GPUs": 1, "CPUs": 3}, "1638714215.909363": {"GPUs": 1, "CPUs": 2}, "1638714216.409388": {"GPUs": 1, "CPUs": 2}, "1638714216.909353": {"GPUs": 1, "CPUs": 1}, "1638714217.409357": {"GPUs": 1, "CPUs": 3}, "1638714217.909362": {"GPUs": 1, "CPUs": 2}, "1638714218.409366": {"GPUs": 1, "CPUs": 2}, "1638714218.909354": {"GPUs": 1, "CPUs": 3}, "1638714219.409341": {"GPUs": 1, "CPUs": 2}, "1638714219.909374": {"GPUs": 1, "CPUs": 3}, "1638714220.40937": {"GPUs": 1, "CPUs": 3}, "1638714220.909375": {"GPUs": 1, "CPUs": 2}, "1638714221.409364": {"GPUs": 1, "CPUs": 2}, "1638714221.909347": {"GPUs": 1, "CPUs": 2}, "1638714222.409363": {"GPUs": 1, "CPUs": 4}, "1638714222.909378": {"GPUs": 1, "CPUs": 3}, "1638714223.409353": {"GPUs": 1, "CPUs": 1}, "1638714228.909345": {"GPUs": 1, "CPUs": 2}, "1638714229.409335": {"GPUs": 1, "CPUs": 2}, "1638714229.909357": {"GPUs": 1, "CPUs": 1}, "1638714230.409372": {"GPUs": 1, "CPUs": 2}, "1638714230.909347": {"GPUs": 1, "CPUs": 1}, "1638714231.409371": {"GPUs": 1, "CPUs": 2}, "1638714231.909369": {"GPUs": 1, "CPUs": 1}, "1638714240.909362": {"GPUs": 1, "CPUs": 1}, "1638714241.409377": {"GPUs": 1, "CPUs": 2}, "1638714241.909359": {"GPUs": 1, "CPUs": 2}, "1638714242.409356": {"GPUs": 1, "CPUs": 3}, "1638714242.909361": {"GPUs": 1, "CPUs": 2}, "1638714243.409377": {"GPUs": 1, "CPUs": 2}, "1638714249.409349": {"GPUs": 1, "CPUs": 1}, "1638714250.409359": {"GPUs": 1, "CPUs": 2}, "1638714250.90938": {"GPUs": 1, "CPUs": 2}, "1638714251.40935": {"GPUs": 1, "CPUs": 2}, "1638714251.909359": {"GPUs": 1, "CPUs": 3}, "1638714252.409355": {"GPUs": 1, "CPUs": 3}, "1638714252.909361": {"GPUs": 1, "CPUs": 3}, "1638714253.409393": {"GPUs": 1, "CPUs": 3}, "1638714253.90935": {"GPUs": 1, "CPUs": 2}, "1638714254.40935": {"GPUs": 1, "CPUs": 2}, "1638714254.909346": {"GPUs": 1, "CPUs": 2}, "1638714255.409352": {"GPUs": 1, "CPUs": 2}, "1638714262.409362": {"GPUs": 1, "CPUs": 2}, "1638714262.909378": {"GPUs": 1, "CPUs": 1}, "1638714263.409356": {"GPUs": 1, "CPUs": 1}, "1638714263.909379": {"GPUs": 1, "CPUs": 2}, "1638714264.409352": {"GPUs": 1, "CPUs": 2}, "1638714267.409349": {"GPUs": 1, "CPUs": 1}, "1638714267.909363": {"GPUs": 1, "CPUs": 2}, "1638714268.409358": {"GPUs": 1, "CPUs": 2}, "1638714268.909377": {"GPUs": 1, "CPUs": 3}, "1638714269.409337": {"GPUs": 1, "CPUs": 2}, "1638714269.909357": {"GPUs": 1, "CPUs": 2}, "1638714270.409354": {"GPUs": 1, "CPUs": 1}, "1638714273.909364": {"GPUs": 1, "CPUs": 1}, "1638714274.40936": {"GPUs": 1, "CPUs": 1}, "1638714280.909387": {"GPUs": 1, "CPUs": 3}, "1638714291.909361": {"GPUs": 1, "CPUs": 2}, "1638714292.409356": {"GPUs": 1, "CPUs": 1}, "1638714292.909356": {"GPUs": 1, "CPUs": 1}, "1638714293.909366": {"GPUs": 1, "CPUs": 2}, "1638714294.409357": {"GPUs": 1, "CPUs": 3}, "1638714294.909352": {"GPUs": 1, "CPUs": 2}, "1638714295.409367": {"GPUs": 1, "CPUs": 1}, "1638714295.909351": {"GPUs": 1, "CPUs": 2}, "1638714296.409365": {"GPUs": 1, "CPUs": 3}, "1638714296.909373": {"GPUs": 1, "CPUs": 1}, "1638714297.409351": {"GPUs": 1, "CPUs": 1}, "1638714297.909367": {"GPUs": 1, "CPUs": 3}, "1638714298.409355": {"GPUs": 1, "CPUs": 2}, "1638714298.90935": {"GPUs": 1, "CPUs": 2}, "1638714299.409362": {"GPUs": 1, "CPUs": 3}, "1638714299.909371": {"GPUs": 1, "CPUs": 3}, "1638714300.409363": {"GPUs": 1, "CPUs": 2}, "1638714300.909347": {"GPUs": 1, "CPUs": 2}, "1638714301.409376": {"GPUs": 1, "CPUs": 2}, "1638714301.909391": {"GPUs": 1, "CPUs": 2}, "1638714307.410101": {"GPUs": 1, "CPUs": 1}, "1638714308.90936": {"GPUs": 1, "CPUs": 1}, "1638714309.409347": {"GPUs": 1, "CPUs": 1}, "1638714309.909355": {"GPUs": 1, "CPUs": 1}, "1638714310.409372": {"GPUs": 1, "CPUs": 2}, "1638714310.909347": {"GPUs": 1, "CPUs": 3}, "1638714311.40936": {"GPUs": 1, "CPUs": 2}, "1638714311.909359": {"GPUs": 1, "CPUs": 2}, "1638714312.409386": {"GPUs": 1, "CPUs": 1}, "1638714315.410038": {"GPUs": 1, "CPUs": 1}, "1638714315.909377": {"GPUs": 1, "CPUs": 2}, "1638714316.409351": {"GPUs": 1, "CPUs": 1}, "1638714320.909353": {"GPUs": 1, "CPUs": 2}, "1638714325.909367": {"GPUs": 1, "CPUs": 1}, "1638714326.409359": {"GPUs": 1, "CPUs": 1}, "1638714347.409362": {"GPUs": 1, "CPUs": 1}}}, "Datapoints": 2193, "RuleParameters": "threshold:50\nio_threshold:50\ngpu_threshold:10\npatience:1000"}