{"RuleTriggered": 0, "Violations": 115, "Details": {"low_gpu_utilization": 2776, "bottlenecks": {"1638566576.791193": {"GPUs": 1, "CPUs": 1}, "1638566578.29195": {"GPUs": 1, "CPUs": 1}, "1638566579.291189": {"GPUs": 1, "CPUs": 1}, "1638566590.29119": {"GPUs": 1, "CPUs": 1}, "1638566616.291203": {"GPUs": 1, "CPUs": 1}, "1638566624.291177": {"GPUs": 1, "CPUs": 1}, "1638566625.291917": {"GPUs": 1, "CPUs": 1}, "1638566625.79118": {"GPUs": 1, "CPUs": 2}, "1638566626.291187": {"GPUs": 1, "CPUs": 1}, "1638566626.791211": {"GPUs": 1, "CPUs": 2}, "1638566627.291182": {"GPUs": 1, "CPUs": 1}, "1638566627.791195": {"GPUs": 1, "CPUs": 1}, "1638566628.291212": {"GPUs": 1, "CPUs": 1}, "1638566631.291188": {"GPUs": 1, "CPUs": 1}, "1638566643.291202": {"GPUs": 1, "CPUs": 3}, "1638566643.791183": {"GPUs": 1, "CPUs": 3}, "1638566644.291189": {"GPUs": 1, "CPUs": 3}, "1638566644.791162": {"GPUs": 1, "CPUs": 3}, "1638566645.291188": {"GPUs": 1, "CPUs": 3}, "1638566645.791197": {"GPUs": 1, "CPUs": 3}, "1638566646.291191": {"GPUs": 1, "CPUs": 4}, "1638566646.791187": {"GPUs": 1, "CPUs": 4}, "1638566647.291185": {"GPUs": 1, "CPUs": 3}, "1638566647.791187": {"GPUs": 1, "CPUs": 4}, "1638566648.291192": {"GPUs": 1, "CPUs": 4}, "1638566648.791191": {"GPUs": 1, "CPUs": 4}, "1638566649.291207": {"GPUs": 1, "CPUs": 4}, "1638566653.291201": {"GPUs": 1, "CPUs": 2}, "1638566653.791188": {"GPUs": 1, "CPUs": 2}, "1638566654.29119": {"GPUs": 1, "CPUs": 3}, "1638566654.791203": {"GPUs": 1, "CPUs": 2}, "1638566655.291199": {"GPUs": 1, "CPUs": 2}, "1638566655.791196": {"GPUs": 1, "CPUs": 3}, "1638566656.291178": {"GPUs": 1, "CPUs": 3}, "1638566656.791197": {"GPUs": 1, "CPUs": 2}, "1638566657.291179": {"GPUs": 1, "CPUs": 3}, "1638566657.791257": {"GPUs": 1, "CPUs": 3}, "1638566658.291202": {"GPUs": 1, "CPUs": 2}, "1638566658.79119": {"GPUs": 1, "CPUs": 2}, "1638566665.291181": {"GPUs": 1, "CPUs": 1}, "1638566665.791195": {"GPUs": 1, "CPUs": 2}, "1638566666.291192": {"GPUs": 1, "CPUs": 2}, "1638566666.791211": {"GPUs": 1, "CPUs": 2}, "1638566667.291181": {"GPUs": 1, "CPUs": 3}, "1638566667.791186": {"GPUs": 1, "CPUs": 3}, "1638566677.791211": {"GPUs": 1, "CPUs": 1}, "1638566678.291189": {"GPUs": 1, "CPUs": 1}, "1638566678.791187": {"GPUs": 1, "CPUs": 2}, "1638566679.291209": {"GPUs": 1, "CPUs": 2}, "1638566679.791207": {"GPUs": 1, "CPUs": 1}, "1638566685.291198": {"GPUs": 1, "CPUs": 2}, "1638566686.291176": {"GPUs": 1, "CPUs": 3}, "1638566686.791192": {"GPUs": 1, "CPUs": 2}, "1638566687.291187": {"GPUs": 1, "CPUs": 3}, "1638566687.791197": {"GPUs": 1, "CPUs": 2}, "1638566688.291199": {"GPUs": 1, "CPUs": 2}, "1638566688.791209": {"GPUs": 1, "CPUs": 3}, "1638566689.291203": {"GPUs": 1, "CPUs": 1}, "1638566689.791178": {"GPUs": 1, "CPUs": 2}, "1638566690.291181": {"GPUs": 1, "CPUs": 2}, "1638566690.791188": {"GPUs": 1, "CPUs": 3}, "1638566691.29117": {"GPUs": 1, "CPUs": 3}, "1638566691.791178": {"GPUs": 1, "CPUs": 2}, "1638566701.291196": {"GPUs": 1, "CPUs": 1}, "1638566701.791197": {"GPUs": 1, "CPUs": 3}, "1638566702.291191": {"GPUs": 1, "CPUs": 3}, "1638566702.791193": {"GPUs": 1, "CPUs": 3}, "1638566703.291186": {"GPUs": 1, "CPUs": 3}, "1638566703.791196": {"GPUs": 1, "CPUs": 3}, "1638566704.291174": {"GPUs": 1, "CPUs": 3}, "1638566704.791199": {"GPUs": 1, "CPUs": 3}, "1638566705.291183": {"GPUs": 1, "CPUs": 3}, "1638566705.791182": {"GPUs": 1, "CPUs": 3}, "1638566706.291169": {"GPUs": 1, "CPUs": 3}, "1638566706.791193": {"GPUs": 1, "CPUs": 3}, "1638566707.291194": {"GPUs": 1, "CPUs": 4}, "1638566711.291216": {"GPUs": 1, "CPUs": 1}, "1638566711.791202": {"GPUs": 1, "CPUs": 1}, "1638566718.291185": {"GPUs": 1, "CPUs": 3}, "1638566729.791189": {"GPUs": 1, "CPUs": 2}, "1638566730.291213": {"GPUs": 1, "CPUs": 2}, "1638566730.791198": {"GPUs": 1, "CPUs": 2}, "1638566731.791195": {"GPUs": 1, "CPUs": 3}, "1638566732.291178": {"GPUs": 1, "CPUs": 2}, "1638566732.791179": {"GPUs": 1, "CPUs": 3}, "1638566733.291179": {"GPUs": 1, "CPUs": 2}, "1638566733.791186": {"GPUs": 1, "CPUs": 2}, "1638566734.29121": {"GPUs": 1, "CPUs": 2}, "1638566734.791181": {"GPUs": 1, "CPUs": 3}, "1638566735.291188": {"GPUs": 1, "CPUs": 2}, "1638566735.791188": {"GPUs": 1, "CPUs": 2}, "1638566736.291395": {"GPUs": 1, "CPUs": 2}, "1638566736.791176": {"GPUs": 1, "CPUs": 2}, "1638566737.291201": {"GPUs": 1, "CPUs": 2}, "1638566737.791207": {"GPUs": 1, "CPUs": 2}, "1638566738.2912": {"GPUs": 1, "CPUs": 3}, "1638566738.791193": {"GPUs": 1, "CPUs": 2}, "1638566739.29121": {"GPUs": 1, "CPUs": 2}, "1638566739.791178": {"GPUs": 1, "CPUs": 2}, "1638566746.791189": {"GPUs": 1, "CPUs": 2}, "1638566747.791219": {"GPUs": 1, "CPUs": 1}, "1638566748.291208": {"GPUs": 1, "CPUs": 2}, "1638566748.791201": {"GPUs": 1, "CPUs": 1}, "1638566749.291172": {"GPUs": 1, "CPUs": 2}, "1638566749.791212": {"GPUs": 1, "CPUs": 2}, "1638566753.291197": {"GPUs": 1, "CPUs": 1}, "1638566753.791221": {"GPUs": 1, "CPUs": 1}, "1638566758.791201": {"GPUs": 1, "CPUs": 2}, "1638566764.291188": {"GPUs": 1, "CPUs": 1}, "1638566783.291226": {"GPUs": 1, "CPUs": 1}, "1638566783.791241": {"GPUs": 1, "CPUs": 1}, "1638566784.29123": {"GPUs": 1, "CPUs": 1}, "1638566784.791207": {"GPUs": 1, "CPUs": 1}, "1638566785.291212": {"GPUs": 1, "CPUs": 1}, "1638566785.791201": {"GPUs": 1, "CPUs": 1}}}, "Datapoints": 2791, "RuleParameters": "threshold:50\nio_threshold:50\ngpu_threshold:10\npatience:1000"}