{"RuleTriggered": 0, "Violations": 0, "Details": {"step_num": {"first": 1639315546099362, "last": 1639316397342078}, "job_start": 1639315431.156659, "job_end": 1639316399.654668}, "Datapoints": 265, "RuleParameters": "threshold:20"}