{"RuleTriggered": 0, "Violations": 0, "Details": {"step_num": {"first": 1638566771153526, "last": 1638567835290988}, "job_start": 1638566452.291125, "job_end": 1638567839.791929}, "Datapoints": 145, "RuleParameters": "threshold:20"}