{"RuleTriggered": 0, "Violations": 0, "Details": {"step_num": {"first": 1638714332048273, "last": 1638715172901644}, "job_start": 1638714108.909375, "job_end": 1638715199.909485}, "Datapoints": 275, "RuleParameters": "threshold:20"}