{"RuleTriggered": 0, "Violations": 0, "Details": {"ratio": {"cpu_functions": 100.0}, "phase": {"Step:ModeKeys.GLOBAL": 100.48720226584085, "others": -0.4872022658408478}, "phase_time": {}, "CPU": {"aten::conv2d": 19.408732168422404, "aten::convolution": 19.40721933317677, "aten::_convolution": 19.406156179273836, "aten::mkldnn_convolution": 19.40263317908569, "aten::batch_norm": 7.4620896292940175, "aten::_batch_norm_impl_index": 7.457539211468578, "aten::native_batch_norm": 7.455630299278718}, "CPU_total": {"aten::conv2d": 6517323, "aten::convolution": 6516815, "aten::_convolution": 6516458, "aten::mkldnn_convolution": 6515275, "aten::batch_norm": 2505720, "aten::_batch_norm_impl_index": 2504192, "aten::native_batch_norm": 2503551}, "general": {"DataLoaderIterInitialize": 0.10484768327493547, "DataLoaderIter": 0.054377815815635125, "Forward": 99.84077450090942}}, "Datapoints": 0, "RuleParameters": ""}