{"RuleTriggered": 0, "Violations": 0, "Details": {"ratio": {"cpu_functions": 100.0}, "phase": {"Step:ModeKeys.GLOBAL": 98.89640393479327, "others": 1.1035960652067234}, "phase_time": {}, "CPU": {"aten::conv2d": 15.844396286204018, "aten::convolution": 15.841373890481117, "aten::_convolution": 15.839452633237904, "aten::mkldnn_convolution": 15.83068367107411, "aten::batch_norm": 6.993106815766172, "aten::_batch_norm_impl_index": 6.984211681484914, "aten::native_batch_norm": 6.9803921073834845, "enumerate(DataLoader)#_SingleProcessDataLoaderIter.__next__": 15.686382914368307}, "CPU_total": {"aten::conv2d": 2762708, "aten::convolution": 2762181, "aten::_convolution": 2761846, "aten::mkldnn_convolution": 2760317, "aten::batch_norm": 1219353, "aten::_batch_norm_impl_index": 1217802, "aten::native_batch_norm": 1217136, "enumerate(DataLoader)#_SingleProcessDataLoaderIter.__next__": 2735156}, "general": {"DataLoaderIterInitialize": 0.059363189263348756, "DataLoaderIter": 0.05362817485992587, "Forward": 99.88700863587673}}, "Datapoints": 0, "RuleParameters": ""}