{"RuleTriggered": 0, "Violations": 0, "Details": {"ratio": {"cpu_functions": 100.0}, "phase": {"Step:ModeKeys.GLOBAL": 97.67187632369414, "others": 2.328123676305866}, "phase_time": {}, "CPU": {"aten::conv2d": 18.821074729377727, "aten::convolution": 18.818019833174514, "aten::_convolution": 18.815647713311648, "aten::mkldnn_convolution": 18.808094939979735, "aten::batch_norm": 8.250303272356946, "aten::_batch_norm_impl_index": 8.245390098278968, "aten::native_batch_norm": 8.241469413520463}, "CPU_total": {"aten::conv2d": 2673854, "aten::convolution": 2673420, "aten::_convolution": 2673083, "aten::mkldnn_convolution": 2672010, "aten::batch_norm": 1172096, "aten::_batch_norm_impl_index": 1171398, "aten::native_batch_norm": 1170841}, "general": {"DataLoaderIterInitialize": 0.1319245344650981, "DataLoaderIter": 0.036246823364214614, "Forward": 99.83182864217068}}, "Datapoints": 0, "RuleParameters": ""}