{"RuleTriggered": 0, "Violations": 0, "Details": {"step_details": {"algo-1-26": {"step_stats": {"mean": 2.8827793527272725, "max": 13.364038, "p99": 3.536808739999998, "p95": 3.229504800000001, "p50": 2.873675, "min": 0.167041}, "number_of_outliers": 2, "phase": "Step:ModeKeys.GLOBAL", "stddev": 0.74, "probs": [2, 0, 0, 0, 0, 0, 0, 0, 0, 0, 0, 0, 0, 0, 0, 0, 0, 0, 0, 0, 0, 0, 0, 0, 0, 0, 0, 0, 0, 0, 0, 0, 0, 0, 0, 0, 0, 0, 0, 0, 0, 0, 0, 0, 0, 0, 0, 0, 0, 0, 0, 0, 0, 0, 0, 0, 0, 0, 1, 0, 0, 1, 22, 10, 9, 2, 3, 2, 3, 0, 0, 0, 0, 0, 12, 51, 39, 18, 9, 22, 31, 3, 2, 5, 8, 0, 6, 1, 0, 2, 3, 3, 1, 1, 0, 0, 0, 0, 0, 1], "binedges": [0.167041, 0.2024181, 0.23779519999999998, 0.2731723, 0.3085494, 0.34392649999999997, 0.37930359999999996, 0.41468069999999996, 0.45005779999999995, 0.48543489999999995, 0.5208119999999999, 0.5561890999999999, 0.5915661999999999, 0.6269433, 0.6623203999999999, 0.6976974999999999, 0.7330745999999999, 0.7684517, 0.8038287999999999, 0.8392058999999998, 0.8745829999999999, 0.9099600999999999, 0.9453371999999999, 0.9807142999999998, 1.0160913999999999, 1.0514685, 1.0868455999999997, 1.1222226999999998, 1.1575997999999998, 1.1929769, 1.2283539999999997, 1.2637310999999998, 1.2991081999999998, 1.3344852999999999, 1.3698624, 1.4052394999999998, 1.4406165999999998, 1.4759936999999999, 1.5113707999999997, 1.5467478999999997, 1.5821249999999998, 1.6175020999999998, 1.6528791999999999, 1.6882562999999997, 1.7236333999999998, 1.7590104999999998, 1.7943875999999996, 1.8297646999999997, 1.8651417999999997, 1.9005188999999998, 1.9358959999999998, 1.9712730999999997, 2.0066501999999997, 2.0420273, 2.0774044, 2.1127814999999996, 2.1481585999999995, 2.1835356999999993, 2.2189128, 2.2542899, 2.2896669999999997, 2.3250440999999995, 2.3604211999999993, 2.3957983, 2.4311754, 2.4665524999999997, 2.5019295999999995, 2.5373066999999994, 2.5726838, 2.6080609, 2.6434379999999997, 2.6788150999999996, 2.7141921999999994, 2.749569299999999, 2.7849464, 2.8203234999999998, 2.8557005999999996, 2.8910776999999994, 2.9264547999999992, 2.9618319, 2.997209, 3.0325860999999996, 3.0679631999999994, 3.1033402999999993, 3.1387174, 3.1740945, 3.2094715999999996, 3.2448486999999995, 3.2802257999999993, 3.315602899999999, 3.35098, 3.3863570999999997, 3.4217341999999995, 3.4571112999999993, 3.492488399999999, 3.5278655, 3.5632425999999997, 3.5986196999999995, 3.6339967999999994, 3.669373899999999, 3.704751], "step_numbers": ["0", "1"]}}}, "Datapoints": 275, "RuleParameters": "threshold:3\nmode:None\nn_outliers:10\nstddev:3"}