{"RuleTriggered": 0, "Violations": 0, "Details": {"step_details": {"algo-1-27": {"step_stats": {"mean": 3.108459233962264, "max": 13.153061, "p99": 4.862811120000046, "p95": 3.3796139999999992, "p50": 3.029496, "min": 0.181169}, "number_of_outliers": 3, "phase": "Step:ModeKeys.GLOBAL", "stddev": 0.94, "probs": [1, 0, 0, 0, 0, 0, 0, 0, 0, 0, 0, 0, 0, 0, 0, 0, 0, 0, 0, 0, 0, 0, 0, 0, 0, 0, 0, 0, 0, 0, 0, 0, 0, 0, 0, 0, 0, 0, 0, 0, 0, 0, 0, 0, 0, 0, 0, 0, 0, 0, 0, 0, 0, 0, 0, 0, 0, 0, 1, 0, 0, 0, 0, 0, 0, 0, 0, 0, 0, 0, 0, 8, 1, 4, 13, 10, 1, 2, 2, 0, 6, 83, 70, 10, 10, 10, 6, 4, 3, 1, 4, 1, 1, 1, 3, 1, 1, 1, 1, 2], "binedges": [0.181169, 0.21590420999999999, 0.25063942, 0.28537462999999996, 0.32010984, 0.35484505, 0.38958026, 0.42431547, 0.45905067999999993, 0.49378588999999995, 0.5285211, 0.56325631, 0.59799152, 0.6327267299999999, 0.6674619399999999, 0.7021971499999999, 0.73693236, 0.77166757, 0.80640278, 0.8411379899999999, 0.8758731999999999, 0.9106084099999999, 0.9453436199999999, 0.98007883, 1.0148140399999999, 1.0495492499999999, 1.08428446, 1.11901967, 1.15375488, 1.1884900899999997, 1.2232252999999997, 1.2579605099999998, 1.2926957199999998, 1.3274309299999998, 1.3621661399999998, 1.3969013499999998, 1.4316365599999998, 1.4663717699999999, 1.5011069799999996, 1.5358421899999997, 1.5705773999999997, 1.6053126099999997, 1.6400478199999997, 1.6747830299999997, 1.7095182399999997, 1.7442534499999998, 1.7789886599999998, 1.8137238699999998, 1.8484590799999998, 1.8831942899999996, 1.9179294999999996, 1.9526647099999996, 1.9873999199999997, 2.0221351299999997, 2.0568703399999997, 2.0916055499999997, 2.1263407599999997, 2.1610759699999997, 2.1958111799999998, 2.2305463899999998, 2.2652816, 2.30001681, 2.33475202, 2.36948723, 2.40422244, 2.43895765, 2.47369286, 2.50842807, 2.54316328, 2.57789849, 2.6126337, 2.64736891, 2.68210412, 2.71683933, 2.75157454, 2.7863097499999996, 2.8210449599999996, 2.8557801699999996, 2.8905153799999996, 2.9252505899999997, 2.9599857999999997, 2.9947210099999997, 3.0294562199999997, 3.0641914299999997, 3.0989266399999997, 3.1336618499999997, 3.1683970599999998, 3.20313227, 3.23786748, 3.27260269, 3.3073379, 3.34207311, 3.37680832, 3.41154353, 3.44627874, 3.48101395, 3.51574916, 3.5504843699999995, 3.5852195799999995, 3.6199547899999995, 3.65469], "step_numbers": ["0", "1", "1"]}}}, "Datapoints": 265, "RuleParameters": "threshold:3\nmode:None\nn_outliers:10\nstddev:3"}