{"RuleTriggered": 0, "Violations": 0, "Details": {"step_details": {"algo-1-29": {"step_stats": {"mean": 7.629738841379311, "max": 21.354471, "p99": 11.994499240000014, "p95": 8.509013399999999, "p50": 7.533381, "min": 0.225061}, "number_of_outliers": 2, "phase": "Step:ModeKeys.GLOBAL", "stddev": 1.55, "probs": [1, 0, 0, 0, 0, 0, 0, 0, 0, 0, 0, 0, 0, 0, 0, 0, 0, 0, 0, 0, 0, 0, 0, 0, 1, 0, 0, 0, 0, 0, 0, 0, 0, 0, 0, 0, 0, 0, 0, 0, 0, 0, 0, 0, 0, 0, 0, 0, 0, 0, 0, 0, 0, 0, 0, 0, 0, 0, 0, 0, 0, 0, 0, 0, 0, 0, 0, 0, 0, 0, 0, 0, 0, 0, 0, 0, 0, 0, 6, 7, 6, 3, 0, 0, 0, 1, 26, 40, 16, 9, 4, 1, 2, 2, 0, 3, 3, 0, 6, 6], "binedges": [0.225061, 0.3086186, 0.3921762, 0.4757338, 0.5592914, 0.642849, 0.7264066, 0.8099642, 0.8935218, 0.9770794, 1.060637, 1.1441946, 1.2277521999999998, 1.3113097999999999, 1.3948673999999999, 1.4784249999999999, 1.5619825999999999, 1.6455402, 1.7290978, 1.8126554, 1.896213, 1.9797706, 2.0633282, 2.1468858, 2.2304434, 2.314001, 2.3975586, 2.4811162, 2.5646738, 2.6482314000000002, 2.731789, 2.8153466000000003, 2.8989042, 2.9824618, 3.0660194, 3.149577, 3.2331346, 3.3166922, 3.4002498, 3.4838074, 3.567365, 3.6509226, 3.7344802, 3.8180378, 3.9015954, 3.985153, 4.0687106, 4.1522682, 4.2358258, 4.3193833999999995, 4.402941, 4.4864986, 4.5700562, 4.6536138, 4.7371714, 4.820729, 4.9042866, 4.9878442, 5.0714018, 5.1549594, 5.238517, 5.3220746, 5.4056322, 5.4891898, 5.5727474, 5.656305, 5.7398625999999995, 5.8234202, 5.9069778, 5.9905354, 6.0740929999999995, 6.1576506, 6.2412082, 6.3247658, 6.4083234, 6.491881, 6.5754386, 6.6589962, 6.7425538, 6.8261114, 6.909669, 6.9932266, 7.0767842, 7.160341799999999, 7.2438994, 7.327457, 7.4110146, 7.4945721999999995, 7.5781298, 7.6616874, 7.745245, 7.8288025999999995, 7.9123602, 7.9959178, 8.0794754, 8.163032999999999, 8.2465906, 8.3301482, 8.413705799999999, 8.4972634, 8.580821], "step_numbers": ["0", "1"]}}}, "Datapoints": 145, "RuleParameters": "threshold:3\nmode:None\nn_outliers:10\nstddev:3"}